{
    "timestamp": "2024-10-25 15:44:29",
    "accuracy_metrics": {
        "precision": 0.024999999999999998,
        "recall": 0.00778826065085607,
        "ndcg": 0.2606340212516927,
        "f1_score": 0.010581726322345756,
        "hit_rate": 0.21428571428571427
    },
    "diversity_metrics": {
        "genre_diversity": 0.8035714285714285,
        "novelty": 0.3213652074449693
    },
    "evolution_final": {
        "precision": 0.008024691358024692,
        "recall": 0.021111111111111112,
        "ndcg": 0.13335046372375456,
        "diversity": 0.9411111111111111
    }
}